	A	C	D	E	F	G	H	K	I/L	M	N	P	Q	R	S	T	V	W	Y
UUU	2.0		0.0	1.0		0.0	0.0	0.0	5.0	1.0	0.0	0.0	1.0	0.0	0.0	0.0	1.0	0.0	
UUC	1.0		0.0	10.0		0.0	0.0	0.0	4.0	2.0	1.0	0.0	1.0	0.0	2.0	0.0	2.0	0.0	
UUA	0.0	0.0	0.0	0.0	1.0	0.0	0.0	0.0		0.0	0.0	0.0	0.0	0.0	0.0	0.0	3.0	0.0	0.0
UUG	5.0	0.0	1.0	0.0	1.0	1.0	1.0	0.0		0.0	4.0	5.0	0.0	0.0	1.0	2.0	6.0	0.0	0.0
UCU	2.0	0.0			0.0	2.0	0.0	0.0	1.0	0.0	0.0	0.0	0.0	0.0			0.0	0.0	0.0
UCC	6.0	1.0			1.0	2.0	0.0	0.0	1.0	0.0	3.0	3.0	1.0	0.0			1.0	0.0	0.0
UCA	1.0	0.0			0.0	0.0	0.0	0.0	0.0	0.0	0.0	1.0	1.0	0.0			0.0	0.0	0.0
UCG	4.0	0.0			0.0	4.0	0.0	0.0	1.0	1.0	2.0	1.0	3.0	0.0			0.0	0.0	0.0
UAU	1.0	0.0	0.0	0.0	4.0	0.0	0.0	0.0	0.0	0.0	0.0	0.0	0.0	0.0	1.0	0.0	0.0	0.0	
UAC	1.0	0.0	0.0	0.0	5.0	0.0	0.0	1.0	2.0	0.0	1.0	1.0	1.0	0.0	1.0	0.0	2.0	1.0	
UAA																			
UAG																			
UGU	2.0		0.0	0.0	0.0	3.0	0.0	0.0	0.0	0.0	0.0	0.0	1.0	0.0	0.0	0.0	0.0	0.0	0.0
UGC	17.0		1.0	1.0	1.0	3.0	0.0	0.0	0.0	0.0	0.0	0.0	1.0	0.0	12.0	1.0	1.0	0.0	0.0
UGA																			
UGG	0.0	0.0	0.0	0.0	0.0	0.0	0.0	0.0	1.0	1.0	0.0	0.0	0.0	0.0	0.0	0.0	0.0		0.0
CUU	2.0	0.0	1.0	1.0	0.0	1.0	0.0	0.0		0.0	3.0	2.0	1.0	1.0	2.0	0.0	6.0	0.0	0.0
CUC	3.0	0.0	4.0	0.0	1.0	0.0	0.0	0.0		0.0	3.0	2.0	2.0	1.0	0.0	0.0	3.0	0.0	0.0
CUA	2.0	0.0	3.0	0.0	0.0	0.0	0.0	0.0		0.0	5.0	3.0	0.0	0.0	0.0	2.0	3.0	0.0	0.0
CUG	6.0	1.0	9.0	7.0	2.0	2.0	0.0	1.0		1.0	11.0	3.0	3.0	9.0	1.0	1.0	12.0	1.0	1.0
CCU	0.0	0.0	0.0		0.0	0.0	1.0	0.0	0.0	0.0	1.0		0.0	0.0	1.0	0.0	0.0	0.0	0.0
CCC	3.0	0.0	3.0		0.0	0.0	0.0	0.0	4.0	1.0	2.0		0.0	0.0	1.0	1.0	1.0	1.0	0.0
CCA	3.0	0.0	0.0		0.0	0.0	0.0	0.0	0.0	0.0	1.0		1.0	0.0	2.0	2.0	2.0	0.0	0.0
CCG	0.0	0.0	0.0		0.0	0.0	0.0	0.0	2.0	0.0	1.0		1.0	0.0	1.0	1.0	1.0	0.0	0.0
CAU	0.0	0.0	3.0	0.0	0.0	0.0		0.0	1.0	0.0	7.0	1.0	5.0	0.0	0.0	0.0	0.0	0.0	0.0
CAC	0.0	0.0	6.0	1.0	0.0	0.0		0.0	0.0	0.0	10.0	0.0	4.0	0.0	0.0	2.0	1.0	0.0	1.0
CAA	3.0	0.0	2.0		0.0	2.0	1.0	2.0	0.0	0.0	2.0	0.0		0.0	1.0	1.0	0.0	0.0	1.0
CAG	4.0	0.0	1.0		1.0	5.0	0.0	4.0	8.0	2.0	5.0	2.0		0.0	1.0	1.0	0.0	1.0	1.0
CGU	0.0	0.0	0.0	0.0	0.0	1.0	0.0	1.0	0.0	0.0	0.0	0.0	0.0		0.0	0.0	0.0	0.0	0.0
CGC	0.0	0.0	0.0	0.0	0.0	0.0	2.0	3.0	1.0	0.0	0.0	0.0	1.0		0.0	0.0	0.0	0.0	0.0
CGA	0.0	0.0	0.0	0.0	0.0	0.0	0.0	0.0	0.0	0.0	0.0	0.0	0.0		0.0	0.0	0.0	0.0	0.0
CGG	0.0	0.0	0.0	0.0	0.0	0.0	0.0	1.0	0.0	0.0	0.0	0.0	0.0		0.0	0.0	0.0	0.0	0.0
AUU	0.0	0.0	4.0	1.0	2.0	0.0	0.0	2.0		1.0	7.0	4.0	1.0	0.0	0.0	1.0	11.0	0.0	0.0
AUC	1.0	0.0	6.0	0.0	1.0	1.0	0.0	0.0		0.0	14.0	2.0	0.0	1.0	1.0	3.0	15.0	0.0	2.0
AUA	2.0	0.0	0.0	0.0	1.0	0.0	0.0	0.0		1.0	3.0	3.0	0.0	0.0	0.0	1.0	4.0	1.0	0.0
AUG	1.0	0.0	34.0	2.0	3.0	0.0	0.0	0.0	14.0		36.0	0.0	0.0	0.0	0.0	4.0	2.0	1.0	1.0
ACU	2.0	0.0	4.0		1.0	0.0	0.0	0.0	3.0	0.0	0.0	0.0	0.0	0.0	3.0		0.0	0.0	0.0
ACC	8.0	0.0	7.0		0.0	4.0	1.0	0.0	5.0	0.0	2.0	2.0	2.0	0.0	13.0		3.0	0.0	0.0
ACA	2.0	0.0	2.0		0.0	0.0	0.0	0.0	2.0	0.0	0.0	0.0	1.0	0.0	1.0		2.0	0.0	0.0
ACG	4.0	0.0	2.0		1.0	1.0	0.0	0.0	3.0	2.0	0.0	0.0	0.0	0.0	2.0		0.0	0.0	0.0
AAU	3.0			7.0	0.0	2.0	0.0	0.0	8.0	1.0		5.0		0.0	2.0	2.0	1.0	0.0	0.0
AAC	2.0			4.0	0.0	3.0	1.0	1.0	8.0	2.0		4.0		0.0	2.0	1.0	2.0	0.0	0.0
AAA	2.0		0.0	1.0	1.0	1.0	0.0		0.0	0.0	1.0	0.0	1.0	5.0	0.0	0.0	0.0	0.0	0.0
AAG	0.0		0.0	4.0	0.0	2.0	1.0		3.0	1.0	1.0	0.0	3.0	7.0	1.0	0.0	1.0	0.0	0.0
AGU	1.0	0.0			0.0	0.0	0.0	0.0	0.0	0.0	2.0	0.0	1.0	0.0			0.0	0.0	2.0
AGC	1.0	0.0			0.0	4.0	0.0	0.0	0.0	0.0	7.0	1.0	0.0	0.0			0.0	0.0	0.0
AGA	0.0	0.0	0.0	0.0	0.0	0.0	0.0	1.0	0.0	0.0	0.0	0.0	0.0		0.0	0.0	0.0	0.0	0.0
AGG	0.0	0.0	0.0	0.0	0.0	1.0	1.0	2.0	0.0	0.0	0.0	0.0	0.0		0.0	0.0	0.0	0.0	0.0
GUU	2.0	0.0	1.0	1.0	0.0	0.0	0.0	0.0	15.0	1.0	0.0	2.0	0.0	0.0	0.0	4.0		0.0	0.0
GUC	7.0	0.0	1.0	0.0	0.0	0.0	0.0	1.0	21.0	0.0	0.0	2.0	0.0	0.0	0.0	1.0		0.0	1.0
GUA	2.0	0.0	0.0	0.0	0.0	1.0	0.0	0.0	5.0	0.0	1.0	0.0	0.0	0.0	0.0	0.0		0.0	0.0
GUG	4.0	0.0	2.0	1.0	1.0	2.0	0.0	0.0	18.0	5.0	1.0	7.0	2.0	0.0	2.0	5.0		0.0	2.0
GCU		0.0	4.0	2.0	0.0	3.0	2.0	0.0		0.0	0.0	31.0	6.0	0.0	0.0	4.0	3.0	0.0	1.0
GCC		0.0	1.0	9.0	0.0	6.0	0.0	0.0		0.0	2.0	56.0	2.0	0.0	0.0	8.0	6.0	0.0	1.0
GCA		0.0	0.0	0.0	1.0	0.0	0.0	0.0		0.0	0.0	8.0	2.0	1.0	0.0	2.0	2.0	0.0	0.0
GCG		0.0	0.0	2.0	0.0	0.0	0.0	0.0		0.0	0.0	23.0	1.0	0.0	0.0	3.0	4.0	0.0	0.0
GAU	0.0	0.0			0.0	4.0	0.0	0.0	4.0	0.0	7.0	1.0	0.0	0.0	1.0	1.0	3.0	0.0	2.0
GAC	3.0	0.0			0.0	0.0	0.0	0.0	4.0	0.0	19.0	1.0	1.0	0.0	1.0	0.0	2.0	0.0	0.0
GAA	2.0	3.0	4.0		0.0	0.0	0.0	2.0	4.0	2.0	1.0	1.0	5.0	0.0	1.0	1.0	1.0	0.0	0.0
GAG	3.0	4.0	23.0		6.0	0.0	1.0	3.0	14.0	1.0	8.0	0.0	7.0	0.0	2.0	1.0	3.0	0.0	0.0
GGU	4.0	0.0	1.0	0.0	2.0		0.0	0.0	1.0	0.0	1.0	1.0	0.0	0.0	2.0	0.0	1.0	0.0	0.0
GGC	8.0	0.0	3.0	0.0	0.0		1.0	0.0	0.0	0.0	3.0	2.0	0.0	0.0	2.0	0.0	3.0	0.0	0.0
GGA	6.0	0.0	1.0	2.0	0.0		0.0	0.0	1.0	0.0	0.0	4.0	0.0	0.0	0.0	0.0	0.0	0.0	1.0
GGG	0.0	0.0	3.0	1.0	0.0		0.0	0.0	0.0	0.0	0.0	0.0	0.0	0.0	0.0	0.0	0.0	0.0	0.0
