,Intensity 0_2h_1,Intensity 0_2h_2,Intensity 0_2h_3,Intensity 0_2h_4,Intensity 10_12h_1,Intensity 10_12h_2,Intensity 10_12h_3,Intensity 10_12h_4,Intensity 18_20h_1,Intensity 18_20h_2,Intensity 18_20h_3,Intensity 18_20h_4,Intensity 4_6h_1,Intensity 4_6h_2,Intensity 4_6h_3,Intensity 4_6h_4,Intensity 44_46h_1,Intensity 44_46h_2,Intensity 44_46h_3,Intensity 44_46h_4,Intensity 66_68h_1,Intensity 66_68h_2,Intensity 66_68h_3,Intensity 66_68h_4,Intensity 83_85h_1,Intensity 83_85h_2,Intensity 83_85h_3,Intensity 83_85h_4,Intensity female_1,Intensity female_2,Intensity female_3,Intensity female_4,Intensity l3_1,Intensity l3_2,Intensity l3_3,Intensity l3_4,Intensity male_1,Intensity male_2,Intensity male_3,Intensity male_4,Intensity p1_1,Intensity p1_2,Intensity p1_3,Intensity p1_4,Intensity p2_1,Intensity p2_2,Intensity p2_3,Intensity p2_4,Intensity p3_1,Intensity p3_2,Intensity p3_3,Intensity p3_4,Intensity p4_1,Intensity p4_2,Intensity p4_3,Intensity p4_4,Intensity p5_1,Intensity p5_2,Intensity p5_3,Intensity p5_4,Intensity vf_female_1,Intensity vf_female_2,Intensity vf_female_3,Intensity vf_female_4,Intensity vf_male_1,Intensity vf_male_2,Intensity vf_male_3,Intensity vf_male_4
TTT,9.49E-04,0.00E+00,2.16E-03,0.00E+00,1.58E-03,6.04E-05,4.27E-05,6.37E-05,8.91E-06,4.92E-05,5.00E-05,1.60E-04,1.52E-03,1.33E-03,1.03E-04,2.83E-04,5.33E-05,7.76E-05,8.91E-05,5.71E-05,4.01E-05,9.36E-05,1.69E-05,7.72E-05,1.88E-05,3.05E-05,6.10E-05,6.63E-05,3.27E-05,1.71E-05,8.62E-06,6.57E-04,0.00E+00,4.11E-05,3.48E-04,5.33E-05,1.04E-04,3.54E-05,1.04E-04,3.28E-05,0.00E+00,0.00E+00,0.00E+00,3.02E-05,1.83E-05,0.00E+00,5.56E-05,6.87E-05,0.00E+00,0.00E+00,1.39E-05,2.24E-05,0.00E+00,1.53E-05,0.00E+00,3.17E-05,0.00E+00,2.50E-05,3.84E-05,4.40E-05,8.32E-06,8.47E-06,1.35E-05,5.02E-05,0.00E+00,1.18E-05,1.76E-05,1.71E-05
TTC,2.52E-05,9.43E-06,1.07E-04,1.55E-04,7.74E-05,1.35E-05,4.31E-05,1.13E-05,8.62E-05,4.63E-06,2.15E-04,1.43E-04,2.37E-04,0.00E+00,3.36E-04,4.12E-04,1.28E-04,9.89E-05,1.46E-04,3.85E-05,8.00E-05,8.53E-05,2.57E-05,1.43E-04,1.47E-04,2.29E-04,3.32E-04,7.84E-05,0.00E+00,4.90E-06,5.82E-06,1.44E-04,8.31E-05,5.45E-05,6.17E-05,2.94E-05,0.00E+00,8.06E-05,1.64E-05,0.00E+00,1.95E-04,1.44E-05,1.10E-05,4.51E-06,6.79E-06,2.57E-05,6.19E-05,1.36E-04,1.61E-06,2.03E-04,1.71E-04,1.48E-04,2.89E-06,4.38E-05,8.78E-05,2.08E-06,5.25E-05,3.14E-04,4.56E-06,2.06E-04,7.75E-05,0.00E+00,6.92E-06,1.85E-06,0.00E+00,1.73E-05,0.00E+00,8.65E-06
TTA,0.00E+00,0.00E+00,0.00E+00,0.00E+00,0.00E+00,0.00E+00,0.00E+00,0.00E+00,0.00E+00,0.00E+00,0.00E+00,0.00E+00,0.00E+00,0.00E+00,0.00E+00,0.00E+00,0.00E+00,0.00E+00,0.00E+00,0.00E+00,0.00E+00,0.00E+00,0.00E+00,0.00E+00,0.00E+00,0.00E+00,0.00E+00,0.00E+00,0.00E+00,0.00E+00,9.93E-05,0.00E+00,0.00E+00,0.00E+00,0.00E+00,0.00E+00,6.49E-05,1.07E-04,0.00E+00,8.64E-05,0.00E+00,0.00E+00,0.00E+00,0.00E+00,0.00E+00,0.00E+00,8.54E-05,0.00E+00,0.00E+00,0.00E+00,0.00E+00,0.00E+00,0.00E+00,0.00E+00,0.00E+00,0.00E+00,0.00E+00,0.00E+00,0.00E+00,0.00E+00,1.03E-04,0.00E+00,0.00E+00,0.00E+00,0.00E+00,0.00E+00,0.00E+00,1.15E-04
TTG,5.75E-04,6.47E-04,8.73E-04,1.46E-05,1.93E-04,1.18E-04,5.93E-04,5.17E-04,7.87E-04,4.72E-04,5.71E-05,5.09E-04,1.50E-05,1.90E-05,1.43E-05,6.28E-04,4.92E-05,2.96E-04,2.64E-05,3.36E-04,3.44E-05,6.16E-05,4.12E-05,9.32E-05,1.01E-04,5.25E-05,3.09E-05,1.16E-04,6.80E-06,2.84E-05,0.00E+00,5.75E-06,2.04E-04,2.45E-04,2.92E-05,7.02E-06,1.34E-05,2.74E-05,1.76E-05,0.00E+00,4.01E-05,1.73E-03,0.00E+00,0.00E+00,3.14E-05,1.62E-05,1.67E-03,9.61E-05,1.73E-05,1.16E-04,1.90E-04,2.50E-06,4.61E-05,9.47E-06,2.02E-03,1.27E-03,0.00E+00,2.46E-03,7.07E-06,2.12E-03,1.97E-05,0.00E+00,3.62E-04,1.33E-04,6.17E-06,6.62E-06,1.80E-04,2.33E-05
TCT,3.64E-04,0.00E+00,6.00E-04,2.80E-04,1.26E-04,6.62E-05,0.00E+00,0.00E+00,1.43E-04,1.12E-04,1.01E-04,0.00E+00,8.23E-05,0.00E+00,1.20E-04,6.60E-04,1.62E-04,0.00E+00,0.00E+00,6.21E-05,3.70E-04,6.68E-05,0.00E+00,0.00E+00,2.14E-04,0.00E+00,5.39E-05,0.00E+00,0.00E+00,9.91E-06,0.00E+00,1.40E-05,4.61E-05,0.00E+00,4.66E-05,4.24E-05,0.00E+00,0.00E+00,0.00E+00,0.00E+00,1.28E-04,6.76E-04,0.00E+00,0.00E+00,0.00E+00,0.00E+00,5.73E-05,0.00E+00,0.00E+00,0.00E+00,1.98E-05,4.77E-05,0.00E+00,0.00E+00,0.00E+00,3.38E-05,0.00E+00,0.00E+00,0.00E+00,1.83E-05,0.00E+00,0.00E+00,0.00E+00,4.14E-05,0.00E+00,3.75E-05,0.00E+00,0.00E+00
TCC,0.00E+00,1.50E-05,3.92E-04,0.00E+00,0.00E+00,8.51E-05,7.42E-06,1.14E-05,1.08E-04,4.69E-06,1.53E-05,3.69E-06,2.25E-04,0.00E+00,2.09E-05,1.76E-04,7.99E-06,7.49E-06,1.12E-06,3.60E-06,0.00E+00,4.50E-06,1.62E-04,1.51E-04,0.00E+00,0.00E+00,0.00E+00,5.20E-06,0.00E+00,1.02E-05,5.58E-06,0.00E+00,1.52E-04,4.76E-06,1.32E-04,1.40E-04,6.14E-05,0.00E+00,2.64E-05,9.60E-05,2.70E-05,1.13E-05,0.00E+00,7.12E-05,1.05E-05,9.01E-06,1.40E-06,0.00E+00,1.61E-05,1.26E-05,1.07E-04,6.01E-05,1.19E-05,1.26E-05,1.17E-04,0.00E+00,9.59E-06,1.91E-05,4.01E-05,5.81E-06,5.90E-06,0.00E+00,8.51E-06,1.08E-06,3.89E-06,1.43E-05,4.45E-06,5.54E-06
TCA,0.00E+00,0.00E+00,0.00E+00,0.00E+00,0.00E+00,0.00E+00,0.00E+00,0.00E+00,0.00E+00,0.00E+00,0.00E+00,0.00E+00,0.00E+00,0.00E+00,0.00E+00,0.00E+00,8.34E-05,4.52E-05,3.99E-05,7.56E-05,4.88E-05,2.85E-05,0.00E+00,0.00E+00,2.58E-05,3.19E-05,2.55E-05,2.86E-05,1.29E-04,1.97E-04,1.88E-04,9.70E-05,0.00E+00,0.00E+00,1.81E-05,0.00E+00,0.00E+00,3.57E-04,4.24E-04,3.00E-04,0.00E+00,0.00E+00,0.00E+00,0.00E+00,0.00E+00,0.00E+00,0.00E+00,0.00E+00,0.00E+00,0.00E+00,0.00E+00,0.00E+00,0.00E+00,0.00E+00,0.00E+00,0.00E+00,0.00E+00,0.00E+00,0.00E+00,2.34E-05,6.26E-05,9.39E-05,1.07E-04,1.06E-04,1.19E-04,1.03E-04,1.67E-04,1.28E-04
TCG,5.62E-03,3.10E-05,2.93E-04,2.51E-03,2.03E-03,2.45E-03,1.78E-05,1.56E-05,9.70E-05,2.15E-03,1.64E-05,1.35E-05,5.80E-04,2.32E-04,3.64E-03,3.43E-04,1.25E-04,1.82E-05,0.00E+00,2.04E-05,8.95E-05,4.12E-05,4.15E-06,5.16E-05,7.64E-05,1.07E-04,2.66E-04,1.30E-04,0.00E+00,2.68E-05,1.66E-05,1.61E-05,1.10E-04,8.29E-05,8.60E-05,7.15E-05,2.69E-04,1.01E-05,1.04E-05,5.82E-06,0.00E+00,9.12E-06,0.00E+00,1.36E-05,2.52E-05,1.41E-05,1.17E-04,1.26E-05,0.00E+00,4.73E-05,4.30E-05,9.87E-06,1.44E-04,0.00E+00,9.76E-06,1.68E-05,8.43E-05,2.31E-05,2.06E-05,5.33E-05,1.94E-05,0.00E+00,0.00E+00,0.00E+00,3.05E-06,1.74E-05,0.00E+00,3.15E-05
TAT,1.30E-05,1.07E-05,0.00E+00,0.00E+00,0.00E+00,0.00E+00,2.46E-04,1.94E-04,0.00E+00,0.00E+00,4.70E-05,1.61E-04,3.14E-04,0.00E+00,0.00E+00,0.00E+00,0.00E+00,0.00E+00,2.74E-05,1.78E-04,0.00E+00,0.00E+00,1.26E-05,0.00E+00,0.00E+00,0.00E+00,0.00E+00,1.38E-05,0.00E+00,2.93E-05,9.98E-06,4.60E-05,1.47E-05,3.98E-05,1.03E-05,5.97E-05,9.63E-06,8.74E-05,3.13E-04,5.24E-05,0.00E+00,7.74E-03,0.00E+00,8.90E-03,0.00E+00,5.27E-03,7.29E-03,3.76E-03,5.59E-03,5.65E-03,7.58E-05,2.82E-03,6.93E-05,8.23E-03,8.09E-03,3.98E-03,0.00E+00,7.39E-03,1.27E-04,4.10E-03,0.00E+00,4.39E-05,2.45E-05,0.00E+00,3.18E-05,5.29E-05,2.97E-05,0.00E+00
TAC,4.82E-04,5.11E-05,6.59E-05,2.97E-04,7.73E-05,6.52E-06,1.96E-06,0.00E+00,1.16E-05,2.33E-05,0.00E+00,7.12E-06,2.46E-05,5.53E-05,4.68E-05,1.33E-04,8.39E-05,1.66E-04,0.00E+00,1.69E-04,1.63E-04,8.90E-05,3.94E-05,8.32E-05,2.64E-04,1.70E-04,1.00E-04,2.53E-04,4.14E-05,0.00E+00,3.89E-05,3.11E-05,0.00E+00,1.31E-04,1.31E-04,1.67E-04,1.31E-05,1.26E-05,1.55E-04,0.00E+00,2.27E-05,0.00E+00,1.17E-04,2.19E-06,3.78E-05,4.30E-04,2.54E-05,0.00E+00,3.08E-05,3.10E-04,7.13E-05,0.00E+00,3.71E-05,2.69E-06,5.13E-05,1.21E-05,5.30E-05,8.66E-06,7.83E-06,0.00E+00,1.40E-05,1.33E-04,5.03E-05,1.08E-05,1.29E-04,0.00E+00,0.00E+00,3.46E-05
TGT,4.25E-02,1.51E-04,7.97E-02,0.00E+00,0.00E+00,0.00E+00,0.00E+00,0.00E+00,0.00E+00,4.83E-04,9.86E-05,0.00E+00,0.00E+00,0.00E+00,5.14E-05,6.91E-02,0.00E+00,0.00E+00,1.76E-04,1.33E-04,3.03E-04,0.00E+00,2.76E-04,0.00E+00,0.00E+00,0.00E+00,0.00E+00,0.00E+00,0.00E+00,0.00E+00,2.03E-04,0.00E+00,1.38E-03,2.65E-04,3.24E-03,0.00E+00,0.00E+00,0.00E+00,0.00E+00,0.00E+00,0.00E+00,0.00E+00,0.00E+00,1.04E-04,0.00E+00,3.74E-05,9.78E-05,2.78E-05,0.00E+00,4.74E-05,0.00E+00,6.28E-05,0.00E+00,1.22E-04,1.26E-04,5.79E-05,0.00E+00,6.54E-05,0.00E+00,0.00E+00,0.00E+00,1.90E-04,1.78E-04,0.00E+00,1.83E-04,0.00E+00,0.00E+00,0.00E+00
TGC,8.50E-03,2.14E-05,1.11E-02,2.06E-05,3.90E-05,3.98E-04,1.09E-05,3.21E-05,6.09E-04,3.32E-05,5.95E-05,0.00E+00,3.81E-05,9.34E-06,3.11E-03,9.22E-03,7.35E-05,5.75E-05,1.97E-04,1.52E-04,1.22E-04,4.43E-05,6.82E-06,1.60E-04,2.27E-04,4.13E-04,3.53E-04,2.77E-04,8.25E-05,3.27E-05,3.85E-05,0.00E+00,5.18E-05,0.00E+00,0.00E+00,3.09E-05,0.00E+00,3.45E-05,2.34E-05,1.90E-05,0.00E+00,0.00E+00,3.89E-05,0.00E+00,0.00E+00,0.00E+00,3.47E-04,7.83E-05,9.20E-06,0.00E+00,2.08E-05,7.55E-06,4.04E-05,1.28E-05,0.00E+00,1.63E-05,2.06E-05,1.52E-04,0.00E+00,2.64E-05,2.36E-05,1.93E-05,5.09E-05,6.35E-05,3.65E-05,5.08E-05,1.01E-04,1.81E-05
TGG,9.00E-05,0.00E+00,8.31E-05,0.00E+00,0.00E+00,0.00E+00,0.00E+00,0.00E+00,0.00E+00,0.00E+00,0.00E+00,0.00E+00,0.00E+00,0.00E+00,0.00E+00,7.52E-05,5.52E-05,1.65E-04,0.00E+00,0.00E+00,1.01E-04,1.03E-04,1.75E-04,0.00E+00,1.39E-04,0.00E+00,1.73E-04,9.25E-05,1.30E-05,0.00E+00,0.00E+00,0.00E+00,2.04E-04,6.04E-05,6.39E-05,6.19E-05,0.00E+00,2.20E-05,0.00E+00,0.00E+00,5.03E-06,0.00E+00,0.00E+00,0.00E+00,0.00E+00,0.00E+00,0.00E+00,0.00E+00,0.00E+00,0.00E+00,0.00E+00,0.00E+00,0.00E+00,0.00E+00,0.00E+00,0.00E+00,9.93E-05,0.00E+00,0.00E+00,0.00E+00,0.00E+00,0.00E+00,0.00E+00,0.00E+00,0.00E+00,0.00E+00,0.00E+00,0.00E+00
CTT,4.28E-03,0.00E+00,3.98E-03,8.43E-04,1.06E-03,7.36E-04,8.80E-05,0.00E+00,8.54E-04,2.83E-05,7.67E-06,0.00E+00,2.04E-05,0.00E+00,8.37E-04,2.52E-03,2.16E-05,6.12E-06,1.95E-05,0.00E+00,2.74E-05,3.82E-05,3.33E-05,5.60E-06,3.65E-04,0.00E+00,7.41E-05,0.00E+00,2.40E-04,2.97E-04,1.58E-03,1.33E-04,5.96E-04,0.00E+00,0.00E+00,1.22E-05,2.45E-05,6.74E-04,6.59E-04,5.21E-05,4.99E-05,4.73E-04,0.00E+00,3.92E-04,4.81E-05,4.45E-04,1.50E-03,0.00E+00,2.39E-05,3.13E-04,3.39E-05,2.62E-04,3.31E-05,1.69E-04,0.00E+00,2.56E-04,0.00E+00,3.89E-04,1.06E-04,9.35E-04,0.00E+00,1.75E-04,1.78E-04,6.53E-04,1.63E-04,2.25E-04,2.21E-04,0.00E+00
CTC,3.23E-03,0.00E+00,6.75E-04,2.62E-03,3.89E-04,2.52E-04,2.31E-04,1.73E-06,2.37E-04,2.29E-04,2.52E-04,3.56E-06,4.91E-05,2.98E-04,3.65E-04,4.73E-03,4.01E-04,1.35E-05,8.58E-06,1.38E-05,6.95E-04,5.25E-04,3.09E-05,3.62E-05,5.58E-04,6.22E-04,8.57E-04,1.48E-06,5.16E-05,3.06E-06,1.60E-05,1.99E-04,5.50E-04,7.45E-04,1.07E-04,3.27E-05,1.11E-04,0.00E+00,1.86E-04,3.72E-04,2.18E-04,2.84E-04,4.25E-05,1.33E-04,4.42E-05,1.07E-04,5.73E-04,1.16E-04,1.21E-05,1.28E-04,1.63E-04,2.48E-04,6.09E-06,4.66E-05,1.63E-04,0.00E+00,8.85E-04,4.36E-04,1.82E-04,9.51E-06,1.89E-04,6.56E-05,1.33E-04,2.61E-05,8.15E-05,1.65E-04,9.32E-05,4.93E-04
CTA,1.91E-02,1.43E-05,1.75E-02,0.00E+00,2.31E-03,0.00E+00,0.00E+00,0.00E+00,6.64E-05,3.33E-05,0.00E+00,4.01E-04,0.00E+00,0.00E+00,0.00E+00,1.67E-02,0.00E+00,1.34E-05,0.00E+00,1.89E-05,1.48E-05,2.13E-05,0.00E+00,0.00E+00,2.22E-05,8.46E-05,1.85E-05,1.79E-05,0.00E+00,3.29E-05,0.00E+00,1.83E-05,0.00E+00,4.59E-07,2.53E-04,1.70E-06,5.84E-05,0.00E+00,4.68E-05,4.62E-04,0.00E+00,2.89E-05,1.27E-04,6.95E-04,3.63E-05,1.83E-05,3.52E-04,6.40E-04,2.23E-05,1.82E-05,8.48E-04,1.14E-03,0.00E+00,0.00E+00,5.69E-04,1.70E-04,0.00E+00,6.41E-05,1.85E-04,0.00E+00,0.00E+00,4.78E-05,8.35E-05,0.00E+00,0.00E+00,0.00E+00,0.00E+00,0.00E+00
CTG,9.52E-04,5.98E-04,1.66E-03,8.40E-04,7.38E-04,5.26E-04,5.20E-05,8.67E-06,6.05E-04,3.41E-03,8.11E-05,1.80E-05,9.01E-04,1.06E-03,8.93E-05,1.09E-03,5.19E-04,2.77E-05,6.12E-05,1.54E-05,3.82E-05,2.34E-05,3.20E-06,7.66E-06,6.55E-04,4.34E-04,3.91E-04,7.78E-05,1.50E-05,5.18E-06,4.14E-05,1.43E-05,4.44E-05,5.63E-04,3.22E-04,1.97E-04,1.45E-04,2.46E-05,9.88E-05,1.02E-04,1.51E-05,6.74E-05,1.03E-05,4.89E-06,2.98E-05,2.32E-05,7.35E-05,1.34E-05,2.19E-05,7.18E-05,9.51E-05,9.41E-05,1.34E-05,3.63E-05,6.72E-06,2.40E-05,0.00E+00,2.49E-04,3.95E-05,9.95E-05,4.40E-06,0.00E+00,1.27E-05,1.78E-04,1.18E-05,3.32E-04,5.01E-06,7.77E-05
CCT,0.00E+00,0.00E+00,0.00E+00,0.00E+00,0.00E+00,0.00E+00,0.00E+00,0.00E+00,0.00E+00,8.81E-06,0.00E+00,0.00E+00,0.00E+00,1.80E-05,0.00E+00,0.00E+00,4.14E-05,3.78E-05,0.00E+00,7.29E-05,9.47E-05,5.67E-05,5.55E-05,8.62E-05,1.00E-04,4.25E-05,4.15E-05,8.78E-05,0.00E+00,1.50E-05,0.00E+00,0.00E+00,0.00E+00,5.67E-05,0.00E+00,0.00E+00,0.00E+00,8.89E-05,1.77E-04,2.00E-04,0.00E+00,1.56E-05,0.00E+00,0.00E+00,0.00E+00,0.00E+00,0.00E+00,0.00E+00,0.00E+00,0.00E+00,0.00E+00,4.04E-05,0.00E+00,0.00E+00,0.00E+00,0.00E+00,0.00E+00,3.97E-06,0.00E+00,0.00E+00,0.00E+00,0.00E+00,0.00E+00,0.00E+00,0.00E+00,0.00E+00,0.00E+00,0.00E+00
CCC,1.35E-04,1.86E-05,5.88E-05,0.00E+00,1.45E-06,2.13E-05,1.81E-06,1.48E-06,1.15E-04,3.04E-05,1.69E-05,0.00E+00,3.08E-05,7.02E-07,1.70E-05,5.18E-05,2.60E-05,3.04E-05,1.68E-06,0.00E+00,3.42E-05,9.07E-06,2.75E-05,5.25E-05,6.12E-06,0.00E+00,0.00E+00,0.00E+00,2.38E-06,1.18E-05,1.95E-05,1.06E-05,1.09E-04,5.36E-06,0.00E+00,4.50E-06,4.54E-06,6.11E-06,5.93E-06,1.71E-05,0.00E+00,1.52E-04,0.00E+00,3.59E-05,5.04E-06,6.20E-06,3.52E-05,1.77E-05,0.00E+00,2.13E-06,4.30E-06,1.61E-05,0.00E+00,0.00E+00,9.73E-06,4.95E-06,7.64E-06,0.00E+00,6.78E-06,5.62E-06,3.21E-06,2.71E-05,0.00E+00,0.00E+00,2.84E-05,0.00E+00,3.75E-06,0.00E+00
CCA,1.16E-04,0.00E+00,8.32E-05,4.09E-05,1.56E-04,7.32E-05,0.00E+00,3.45E-05,0.00E+00,1.46E-04,0.00E+00,1.36E-05,0.00E+00,2.78E-04,0.00E+00,2.39E-04,0.00E+00,0.00E+00,0.00E+00,1.00E-04,0.00E+00,0.00E+00,1.28E-04,0.00E+00,1.22E-04,0.00E+00,0.00E+00,0.00E+00,0.00E+00,0.00E+00,0.00E+00,1.04E-04,0.00E+00,1.72E-04,9.16E-06,1.41E-04,0.00E+00,3.02E-05,8.98E-05,2.81E-05,0.00E+00,0.00E+00,0.00E+00,0.00E+00,0.00E+00,0.00E+00,0.00E+00,0.00E+00,0.00E+00,0.00E+00,0.00E+00,9.24E-06,0.00E+00,0.00E+00,0.00E+00,0.00E+00,0.00E+00,7.70E-06,0.00E+00,1.04E-04,0.00E+00,1.20E-05,0.00E+00,9.90E-06,0.00E+00,3.52E-05,0.00E+00,0.00E+00
CCG,9.55E-04,6.70E-05,1.60E-03,1.12E-05,5.73E-04,3.99E-05,3.64E-05,3.93E-05,8.07E-04,4.65E-05,4.23E-05,3.46E-04,6.92E-05,7.08E-05,1.11E-04,0.00E+00,2.51E-05,0.00E+00,3.81E-04,0.00E+00,0.00E+00,0.00E+00,2.00E-04,0.00E+00,4.21E-05,0.00E+00,0.00E+00,0.00E+00,0.00E+00,0.00E+00,0.00E+00,2.14E-05,0.00E+00,0.00E+00,2.32E-04,1.77E-05,3.32E-05,0.00E+00,0.00E+00,0.00E+00,2.49E-05,3.12E-05,2.05E-05,0.00E+00,1.94E-05,5.68E-05,3.18E-05,0.00E+00,2.83E-05,4.77E-05,6.53E-06,0.00E+00,0.00E+00,9.84E-06,4.57E-06,0.00E+00,0.00E+00,5.05E-06,3.23E-05,0.00E+00,0.00E+00,0.00E+00,0.00E+00,2.27E-05,0.00E+00,5.49E-05,0.00E+00,0.00E+00
CAT,6.66E-04,5.50E-04,1.81E-03,4.45E-05,3.25E-04,2.10E-04,2.53E-04,2.19E-04,4.69E-04,4.17E-05,9.49E-05,1.34E-04,1.05E-04,1.22E-05,0.00E+00,1.02E-03,1.74E-04,0.00E+00,0.00E+00,1.95E-04,1.20E-04,3.72E-05,0.00E+00,2.02E-05,3.24E-04,6.55E-05,0.00E+00,2.82E-05,0.00E+00,7.75E-05,1.26E-04,7.10E-05,9.20E-04,9.71E-06,8.02E-06,0.00E+00,7.37E-06,5.61E-05,2.31E-05,7.21E-05,1.29E-05,0.00E+00,1.14E-04,3.91E-05,1.46E-05,1.75E-05,5.83E-05,1.99E-05,0.00E+00,2.67E-05,2.37E-05,0.00E+00,0.00E+00,0.00E+00,0.00E+00,0.00E+00,0.00E+00,5.11E-06,2.62E-05,1.23E-05,1.97E-05,2.30E-05,2.68E-05,1.59E-05,3.35E-05,0.00E+00,3.99E-06,5.52E-06
CAC,0.00E+00,0.00E+00,9.76E-05,5.15E-05,1.23E-05,1.07E-05,1.19E-05,1.27E-05,7.72E-06,2.38E-04,1.29E-05,1.37E-05,9.12E-06,0.00E+00,1.18E-05,9.42E-05,5.09E-06,6.77E-06,2.84E-05,2.15E-05,1.24E-05,5.39E-06,1.40E-05,5.59E-06,0.00E+00,2.26E-05,0.00E+00,0.00E+00,6.70E-06,6.78E-06,1.16E-05,0.00E+00,6.87E-06,1.45E-05,1.24E-05,1.31E-05,0.00E+00,8.27E-06,2.87E-06,1.82E-05,1.61E-05,1.68E-05,1.11E-05,3.40E-05,2.00E-05,1.87E-05,4.04E-05,1.48E-05,3.31E-05,2.92E-05,5.36E-05,1.67E-05,1.09E-05,4.23E-06,8.63E-06,1.41E-05,0.00E+00,5.02E-05,4.05E-05,2.01E-05,7.63E-06,0.00E+00,0.00E+00,7.94E-06,0.00E+00,1.44E-05,1.60E-05,0.00E+00
CAA,4.61E-03,3.33E-05,3.36E-03,1.67E-03,0.00E+00,1.20E-03,8.34E-04,0.00E+00,2.99E-04,3.34E-05,1.69E-04,2.50E-04,8.30E-04,9.79E-04,1.23E-03,8.29E-03,0.00E+00,1.70E-05,2.22E-05,6.39E-05,3.32E-05,0.00E+00,0.00E+00,0.00E+00,6.73E-05,9.94E-05,1.39E-04,2.76E-04,0.00E+00,0.00E+00,0.00E+00,2.93E-05,1.88E-05,0.00E+00,7.60E-06,2.16E-05,4.31E-05,1.37E-04,3.04E-04,7.76E-05,7.02E-05,4.84E-05,0.00E+00,3.58E-05,1.96E-04,7.22E-05,1.17E-04,2.96E-05,3.42E-04,0.00E+00,2.81E-04,1.38E-04,1.07E-04,1.85E-05,1.69E-05,2.14E-04,0.00E+00,0.00E+00,0.00E+00,9.05E-05,1.09E-04,0.00E+00,7.52E-05,0.00E+00,2.31E-05,6.84E-05,6.75E-05,0.00E+00
CAG,4.88E-04,4.22E-03,6.34E-04,3.95E-04,3.85E-04,4.49E-03,3.39E-04,1.99E-04,2.98E-03,4.97E-04,2.32E-03,1.64E-04,7.31E-05,1.88E-04,2.00E-04,6.98E-04,7.10E-04,3.31E-04,1.58E-04,1.22E-04,5.97E-04,5.53E-04,2.88E-04,0.00E+00,6.78E-04,3.24E-04,9.56E-04,1.75E-06,0.00E+00,2.89E-05,2.86E-04,1.47E-04,4.99E-04,4.12E-04,4.06E-04,2.15E-04,2.57E-04,4.53E-05,6.70E-05,1.04E-05,1.87E-06,1.54E-05,6.12E-06,0.00E+00,2.13E-06,5.00E-05,2.32E-05,4.58E-06,1.53E-05,4.40E-05,7.32E-06,1.59E-05,1.88E-05,7.90E-05,2.01E-05,4.78E-06,5.87E-05,1.77E-05,2.16E-06,4.27E-05,1.59E-05,3.41E-05,3.40E-04,9.23E-05,3.64E-05,5.86E-06,0.00E+00,1.22E-04
CGT,0.00E+00,0.00E+00,0.00E+00,0.00E+00,0.00E+00,0.00E+00,0.00E+00,0.00E+00,0.00E+00,0.00E+00,0.00E+00,0.00E+00,0.00E+00,0.00E+00,0.00E+00,0.00E+00,0.00E+00,1.97E-04,0.00E+00,0.00E+00,0.00E+00,0.00E+00,0.00E+00,9.96E-05,6.03E-05,4.00E-04,1.10E-04,3.27E-04,0.00E+00,0.00E+00,0.00E+00,0.00E+00,0.00E+00,0.00E+00,0.00E+00,0.00E+00,0.00E+00,0.00E+00,0.00E+00,0.00E+00,0.00E+00,0.00E+00,0.00E+00,0.00E+00,0.00E+00,0.00E+00,0.00E+00,0.00E+00,0.00E+00,0.00E+00,0.00E+00,0.00E+00,0.00E+00,0.00E+00,0.00E+00,0.00E+00,0.00E+00,0.00E+00,0.00E+00,0.00E+00,0.00E+00,0.00E+00,0.00E+00,0.00E+00,0.00E+00,0.00E+00,0.00E+00,0.00E+00
CGC,2.67E-04,1.27E-06,4.27E-04,0.00E+00,1.43E-04,1.28E-04,0.00E+00,0.00E+00,1.92E-05,0.00E+00,8.49E-06,6.98E-06,0.00E+00,9.78E-06,1.58E-04,2.60E-04,4.18E-05,0.00E+00,0.00E+00,2.10E-06,0.00E+00,6.15E-06,0.00E+00,0.00E+00,4.62E-05,4.28E-06,1.22E-04,1.43E-05,7.54E-06,7.45E-06,0.00E+00,0.00E+00,4.17E-05,0.00E+00,5.30E-05,0.00E+00,0.00E+00,4.98E-06,0.00E+00,0.00E+00,0.00E+00,0.00E+00,0.00E+00,0.00E+00,0.00E+00,1.55E-05,1.13E-04,0.00E+00,0.00E+00,0.00E+00,0.00E+00,4.57E-05,3.93E-06,0.00E+00,0.00E+00,9.60E-05,0.00E+00,0.00E+00,0.00E+00,0.00E+00,0.00E+00,0.00E+00,0.00E+00,0.00E+00,0.00E+00,0.00E+00,0.00E+00,4.33E-06
CGA,0.00E+00,0.00E+00,0.00E+00,0.00E+00,0.00E+00,0.00E+00,0.00E+00,0.00E+00,0.00E+00,0.00E+00,0.00E+00,0.00E+00,0.00E+00,0.00E+00,0.00E+00,0.00E+00,0.00E+00,0.00E+00,0.00E+00,0.00E+00,0.00E+00,0.00E+00,0.00E+00,0.00E+00,0.00E+00,0.00E+00,0.00E+00,0.00E+00,0.00E+00,0.00E+00,0.00E+00,0.00E+00,0.00E+00,0.00E+00,0.00E+00,0.00E+00,0.00E+00,0.00E+00,0.00E+00,0.00E+00,0.00E+00,0.00E+00,0.00E+00,0.00E+00,0.00E+00,0.00E+00,0.00E+00,0.00E+00,0.00E+00,0.00E+00,0.00E+00,0.00E+00,0.00E+00,0.00E+00,0.00E+00,0.00E+00,0.00E+00,0.00E+00,0.00E+00,0.00E+00,0.00E+00,0.00E+00,0.00E+00,0.00E+00,0.00E+00,0.00E+00,0.00E+00,0.00E+00
CGG,0.00E+00,0.00E+00,0.00E+00,1.34E-05,0.00E+00,0.00E+00,0.00E+00,0.00E+00,0.00E+00,0.00E+00,0.00E+00,0.00E+00,0.00E+00,0.00E+00,0.00E+00,0.00E+00,0.00E+00,0.00E+00,0.00E+00,0.00E+00,0.00E+00,0.00E+00,0.00E+00,0.00E+00,0.00E+00,0.00E+00,0.00E+00,0.00E+00,0.00E+00,0.00E+00,0.00E+00,2.82E-05,0.00E+00,0.00E+00,0.00E+00,0.00E+00,0.00E+00,0.00E+00,0.00E+00,0.00E+00,0.00E+00,0.00E+00,0.00E+00,0.00E+00,0.00E+00,0.00E+00,0.00E+00,0.00E+00,0.00E+00,0.00E+00,0.00E+00,0.00E+00,0.00E+00,0.00E+00,0.00E+00,0.00E+00,0.00E+00,0.00E+00,0.00E+00,0.00E+00,0.00E+00,0.00E+00,0.00E+00,0.00E+00,0.00E+00,0.00E+00,0.00E+00,0.00E+00
ATT,1.13E-03,5.61E-04,7.13E-04,1.31E-03,1.36E-03,1.59E-04,1.50E-04,8.34E-04,3.38E-04,8.90E-04,1.22E-03,1.06E-03,3.02E-04,2.43E-04,8.16E-05,5.53E-04,6.21E-05,4.03E-05,1.89E-04,1.26E-04,3.31E-05,5.43E-05,6.17E-05,1.61E-04,5.71E-05,9.44E-05,2.67E-04,1.55E-04,5.41E-04,3.20E-05,5.29E-05,3.71E-04,4.72E-05,2.37E-04,5.64E-05,4.83E-05,6.50E-05,6.15E-05,3.17E-04,6.31E-05,4.87E-06,1.28E-05,3.72E-05,1.32E-05,1.10E-04,1.86E-05,4.11E-04,1.02E-05,1.41E-04,3.69E-05,1.47E-05,2.42E-05,8.38E-06,2.80E-04,6.34E-04,6.89E-04,3.81E-06,4.80E-05,7.59E-04,2.24E-04,4.93E-04,4.75E-05,8.55E-06,6.61E-04,7.75E-04,0.00E+00,6.14E-05,1.48E-04
ATC,8.87E-04,1.96E-06,1.45E-03,1.60E-05,8.36E-05,9.36E-05,1.36E-04,1.70E-04,1.45E-04,3.52E-05,1.14E-04,0.00E+00,9.36E-05,1.37E-04,4.83E-05,1.09E-03,9.83E-05,9.19E-05,1.70E-04,1.96E-04,1.12E-04,1.20E-04,1.02E-04,1.75E-04,1.89E-04,1.18E-04,1.99E-05,4.37E-05,7.52E-06,9.63E-05,2.32E-05,3.85E-05,4.05E-05,9.29E-06,1.11E-05,1.69E-05,2.61E-05,1.03E-04,2.28E-04,4.17E-05,4.19E-06,1.58E-03,7.70E-06,1.76E-03,1.84E-05,1.05E-03,2.16E-03,1.13E-03,1.12E-03,1.08E-03,7.26E-04,9.57E-04,2.64E-06,1.68E-03,1.70E-03,8.54E-04,4.43E-05,1.78E-03,1.44E-04,9.82E-04,8.05E-06,7.70E-05,1.69E-05,8.55E-06,9.06E-06,5.82E-05,1.07E-04,0.00E+00
ATA,1.04E-02,0.00E+00,1.11E-02,6.73E-05,3.68E-04,0.00E+00,4.85E-05,2.09E-05,0.00E+00,0.00E+00,2.32E-05,0.00E+00,0.00E+00,0.00E+00,1.31E-05,1.64E-03,2.96E-04,1.42E-04,0.00E+00,1.71E-03,9.21E-04,9.91E-04,1.35E-05,0.00E+00,7.69E-04,2.57E-04,1.16E-04,3.76E-04,0.00E+00,2.97E-04,0.00E+00,0.00E+00,3.50E-05,7.96E-04,0.00E+00,0.00E+00,0.00E+00,2.70E-04,0.00E+00,2.37E-05,1.69E-04,5.45E-05,2.21E-04,0.00E+00,5.90E-05,1.17E-04,1.12E-04,0.00E+00,0.00E+00,0.00E+00,2.49E-05,8.77E-05,1.60E-04,0.00E+00,0.00E+00,9.19E-05,1.79E-04,3.64E-05,4.27E-06,0.00E+00,1.96E-04,9.75E-04,0.00E+00,0.00E+00,0.00E+00,2.77E-05,0.00E+00,1.90E-05
ATG,1.67E-03,2.24E-04,6.30E-03,2.88E-03,3.24E-03,2.69E-04,2.64E-04,5.55E-05,5.13E-04,3.74E-04,1.45E-04,6.01E-05,4.52E-04,5.20E-04,2.51E-04,3.35E-03,1.38E-04,1.82E-04,2.82E-04,1.04E-04,1.60E-04,1.61E-04,1.18E-04,1.80E-04,4.87E-04,2.56E-04,2.13E-04,3.43E-04,2.11E-04,7.83E-04,1.03E-04,7.63E-04,2.96E-04,1.50E-04,4.96E-04,7.62E-05,8.11E-05,3.86E-04,3.35E-04,8.20E-04,1.68E-04,2.42E-04,2.92E-04,2.90E-04,2.31E-04,1.89E-04,1.06E-03,5.32E-04,1.39E-04,3.18E-04,3.57E-04,7.43E-04,1.83E-04,2.11E-04,3.68E-04,6.80E-04,6.72E-04,6.68E-04,1.02E-03,5.50E-04,6.45E-04,3.19E-04,1.97E-04,4.74E-04,3.54E-04,2.59E-04,3.58E-04,3.85E-04
ACT,4.49E-04,0.00E+00,5.52E-04,2.16E-04,1.55E-04,1.51E-04,2.74E-04,1.64E-03,1.53E-04,1.05E-03,1.08E-04,6.28E-05,1.20E-04,8.01E-06,1.37E-05,3.21E-04,4.69E-05,2.62E-05,0.00E+00,2.04E-05,2.65E-05,0.00E+00,0.00E+00,1.06E-05,4.51E-05,9.13E-06,1.77E-05,0.00E+00,0.00E+00,0.00E+00,0.00E+00,7.16E-04,0.00E+00,1.34E-05,3.23E-04,2.28E-05,0.00E+00,0.00E+00,0.00E+00,0.00E+00,0.00E+00,0.00E+00,0.00E+00,4.91E-06,0.00E+00,3.28E-05,8.49E-04,0.00E+00,0.00E+00,4.11E-05,1.20E-04,0.00E+00,0.00E+00,3.51E-05,6.26E-05,0.00E+00,1.58E-05,3.52E-04,4.74E-05,2.46E-05,2.30E-06,3.48E-05,4.03E-05,6.05E-05,2.84E-06,3.12E-06,0.00E+00,1.41E-04
ACC,2.20E-04,1.00E-04,1.46E-03,1.02E-04,1.92E-04,1.71E-04,8.88E-05,6.79E-05,2.43E-04,4.20E-05,5.56E-05,7.74E-05,5.45E-05,5.72E-05,8.79E-05,5.15E-04,1.05E-04,4.76E-05,6.97E-05,8.00E-05,3.57E-05,1.88E-05,9.60E-06,9.03E-05,3.65E-05,4.54E-05,4.95E-05,7.79E-05,4.90E-04,1.15E-05,3.15E-04,2.97E-04,3.98E-04,1.65E-05,1.77E-04,8.71E-05,2.62E-04,5.01E-04,3.41E-04,5.61E-05,2.98E-04,1.21E-04,0.00E+00,1.63E-04,2.93E-04,1.05E-04,1.00E-03,1.45E-04,2.45E-04,6.94E-05,5.49E-04,3.98E-06,1.71E-04,6.02E-05,6.34E-06,3.32E-05,1.40E-05,4.03E-05,0.00E+00,2.52E-04,3.97E-04,4.32E-04,3.11E-04,9.18E-06,3.97E-04,4.01E-05,3.63E-04,1.15E-04
ACA,0.00E+00,0.00E+00,8.63E-05,4.25E-05,0.00E+00,0.00E+00,0.00E+00,1.13E-05,3.42E-05,1.35E-05,0.00E+00,0.00E+00,1.89E-06,4.04E-05,0.00E+00,1.86E-04,1.84E-05,0.00E+00,0.00E+00,3.74E-06,1.36E-05,8.61E-05,3.86E-05,1.11E-04,2.55E-06,0.00E+00,4.99E-05,1.55E-05,2.63E-05,9.26E-06,9.76E-06,3.02E-05,0.00E+00,1.31E-05,0.00E+00,0.00E+00,0.00E+00,3.34E-05,7.36E-05,9.81E-06,1.67E-05,2.94E-05,0.00E+00,0.00E+00,2.52E-05,9.84E-06,6.18E-05,0.00E+00,1.42E-05,1.13E-05,7.07E-06,3.49E-05,2.28E-05,1.14E-05,0.00E+00,3.14E-05,2.54E-05,5.71E-05,5.05E-05,8.34E-06,9.78E-06,6.18E-06,2.20E-05,0.00E+00,5.39E-06,1.09E-05,1.82E-05,0.00E+00
ACG,3.96E-04,0.00E+00,1.87E-03,2.45E-04,1.24E-05,0.00E+00,0.00E+00,0.00E+00,2.63E-05,4.62E-05,0.00E+00,0.00E+00,6.05E-06,0.00E+00,0.00E+00,1.78E-03,1.69E-05,1.01E-05,2.45E-05,3.72E-04,3.62E-04,3.81E-05,3.83E-04,3.07E-05,4.73E-05,2.34E-04,5.95E-06,5.25E-05,0.00E+00,0.00E+00,0.00E+00,0.00E+00,2.41E-05,0.00E+00,4.71E-05,3.23E-05,1.53E-04,0.00E+00,0.00E+00,9.80E-05,0.00E+00,8.08E-05,5.62E-05,2.22E-04,0.00E+00,2.88E-05,6.34E-05,1.97E-04,2.69E-05,0.00E+00,4.18E-05,1.57E-04,0.00E+00,0.00E+00,1.35E-05,5.32E-05,4.33E-05,0.00E+00,0.00E+00,3.68E-04,0.00E+00,0.00E+00,0.00E+00,0.00E+00,0.00E+00,0.00E+00,0.00E+00,0.00E+00
AAT,4.24E-04,2.75E-05,5.00E-04,1.76E-04,1.36E-04,9.82E-05,1.91E-05,1.24E-04,1.26E-04,1.89E-05,6.14E-05,6.42E-05,1.50E-04,4.10E-05,1.94E-04,7.59E-04,9.24E-06,9.01E-05,1.57E-05,2.85E-05,3.23E-05,1.01E-04,5.29E-06,1.69E-05,1.10E-04,2.26E-04,3.78E-05,4.47E-05,0.00E+00,1.58E-05,0.00E+00,0.00E+00,3.55E-05,8.32E-05,8.90E-05,1.31E-04,3.05E-05,2.68E-05,5.03E-06,0.00E+00,5.25E-05,1.21E-05,3.03E-05,7.16E-05,1.00E-04,7.40E-05,2.88E-04,0.00E+00,9.50E-06,1.94E-05,5.90E-05,5.69E-06,0.00E+00,1.16E-05,0.00E+00,0.00E+00,8.70E-05,7.35E-06,1.24E-05,7.85E-06,0.00E+00,5.21E-05,0.00E+00,1.92E-05,5.73E-06,4.55E-06,2.77E-05,5.32E-06
AAC,7.22E-04,3.69E-05,6.59E-04,1.48E-03,2.17E-05,1.51E-04,7.51E-06,7.27E-06,1.52E-05,1.87E-05,5.48E-06,3.29E-06,1.42E-05,1.19E-05,1.11E-04,3.36E-04,4.20E-05,2.52E-05,1.23E-05,1.74E-05,3.05E-05,2.03E-05,1.41E-05,1.97E-05,2.58E-05,1.92E-05,2.43E-05,7.80E-06,4.48E-06,1.59E-05,0.00E+00,0.00E+00,3.21E-06,1.60E-05,1.27E-05,4.46E-06,2.31E-04,6.67E-05,0.00E+00,0.00E+00,0.00E+00,1.04E-05,0.00E+00,0.00E+00,3.35E-05,1.17E-05,1.46E-04,5.09E-05,1.35E-04,5.85E-05,5.75E-05,5.71E-05,3.77E-05,9.49E-05,7.13E-05,2.13E-05,7.45E-06,4.94E-04,0.00E+00,9.64E-06,0.00E+00,3.35E-05,0.00E+00,0.00E+00,7.90E-06,1.81E-05,0.00E+00,0.00E+00
AAA,2.68E-04,0.00E+00,2.12E-04,4.76E-04,8.11E-04,8.90E-06,4.53E-04,4.80E-04,1.01E-05,1.10E-04,4.23E-04,4.76E-04,3.22E-04,4.50E-05,4.47E-04,9.81E-04,0.00E+00,1.25E-03,0.00E+00,1.18E-03,4.06E-04,0.00E+00,4.84E-04,3.16E-04,1.10E-04,6.76E-05,9.70E-05,0.00E+00,1.50E-05,2.20E-05,0.00E+00,0.00E+00,1.30E-04,1.94E-04,1.14E-04,9.66E-05,0.00E+00,0.00E+00,8.07E-06,0.00E+00,9.59E-06,2.72E-04,0.00E+00,1.84E-05,0.00E+00,1.58E-04,8.71E-05,1.84E-05,0.00E+00,0.00E+00,2.16E-04,1.46E-05,0.00E+00,1.26E-05,0.00E+00,1.03E-05,2.61E-05,9.96E-05,4.38E-05,0.00E+00,1.14E-05,0.00E+00,1.68E-04,0.00E+00,1.59E-05,1.31E-05,2.33E-04,0.00E+00
AAG,1.45E-04,7.77E-05,1.87E-04,1.16E-05,3.20E-04,2.90E-04,1.52E-04,1.96E-06,3.08E-04,2.48E-04,1.82E-04,9.69E-06,1.91E-04,1.97E-06,2.20E-04,5.41E-05,1.35E-04,1.44E-06,1.27E-05,1.11E-05,1.36E-04,9.61E-06,1.85E-04,8.89E-06,1.73E-05,8.07E-06,1.13E-05,2.07E-05,1.68E-05,1.79E-05,8.51E-05,5.93E-05,1.66E-04,7.34E-06,1.77E-05,1.54E-04,0.00E+00,2.13E-05,1.99E-06,1.72E-05,9.26E-06,3.59E-05,2.31E-06,2.51E-06,0.00E+00,1.31E-05,4.85E-05,1.76E-05,0.00E+00,3.47E-05,3.70E-05,3.52E-06,6.02E-06,5.53E-06,2.12E-06,0.00E+00,0.00E+00,4.15E-05,3.37E-05,7.37E-06,0.00E+00,5.43E-07,1.36E-06,0.00E+00,8.43E-07,1.32E-05,2.17E-06,1.04E-06
AGT,0.00E+00,0.00E+00,0.00E+00,0.00E+00,0.00E+00,0.00E+00,0.00E+00,0.00E+00,2.75E-05,0.00E+00,2.17E-05,1.82E-05,0.00E+00,0.00E+00,0.00E+00,0.00E+00,0.00E+00,0.00E+00,0.00E+00,0.00E+00,0.00E+00,0.00E+00,0.00E+00,0.00E+00,0.00E+00,0.00E+00,4.52E-05,2.08E-05,1.07E-04,0.00E+00,0.00E+00,0.00E+00,1.94E-04,2.47E-04,1.41E-04,1.05E-04,0.00E+00,3.51E-05,0.00E+00,0.00E+00,0.00E+00,0.00E+00,0.00E+00,0.00E+00,5.61E-05,0.00E+00,0.00E+00,0.00E+00,0.00E+00,0.00E+00,0.00E+00,0.00E+00,0.00E+00,0.00E+00,0.00E+00,0.00E+00,0.00E+00,0.00E+00,0.00E+00,0.00E+00,8.61E-05,2.86E-05,0.00E+00,5.31E-05,3.09E-05,0.00E+00,4.81E-05,0.00E+00
AGC,8.50E-05,2.05E-05,1.24E-04,0.00E+00,0.00E+00,9.33E-06,0.00E+00,1.57E-05,0.00E+00,1.23E-05,1.29E-05,1.57E-05,0.00E+00,0.00E+00,0.00E+00,1.89E-05,0.00E+00,0.00E+00,0.00E+00,0.00E+00,0.00E+00,0.00E+00,0.00E+00,0.00E+00,0.00E+00,0.00E+00,0.00E+00,0.00E+00,0.00E+00,5.15E-06,0.00E+00,4.35E-06,9.43E-06,1.39E-05,0.00E+00,1.82E-05,2.78E-04,0.00E+00,3.41E-05,0.00E+00,5.14E-06,0.00E+00,0.00E+00,0.00E+00,0.00E+00,0.00E+00,3.36E-05,9.33E-06,0.00E+00,0.00E+00,1.27E-05,0.00E+00,2.01E-05,1.64E-05,9.50E-05,1.12E-04,0.00E+00,9.07E-06,0.00E+00,1.42E-05,0.00E+00,0.00E+00,0.00E+00,0.00E+00,0.00E+00,0.00E+00,0.00E+00,0.00E+00
AGA,0.00E+00,9.84E-05,0.00E+00,0.00E+00,2.42E-04,1.48E-04,2.26E-04,8.71E-05,1.63E-04,1.05E-04,7.33E-05,7.50E-05,1.59E-04,0.00E+00,0.00E+00,0.00E+00,1.45E-05,1.35E-05,2.05E-05,0.00E+00,0.00E+00,0.00E+00,0.00E+00,0.00E+00,0.00E+00,0.00E+00,0.00E+00,0.00E+00,0.00E+00,0.00E+00,0.00E+00,0.00E+00,0.00E+00,5.09E-06,0.00E+00,0.00E+00,0.00E+00,0.00E+00,0.00E+00,0.00E+00,0.00E+00,0.00E+00,0.00E+00,0.00E+00,0.00E+00,0.00E+00,0.00E+00,0.00E+00,0.00E+00,0.00E+00,0.00E+00,0.00E+00,0.00E+00,0.00E+00,0.00E+00,0.00E+00,0.00E+00,0.00E+00,0.00E+00,0.00E+00,0.00E+00,0.00E+00,0.00E+00,0.00E+00,0.00E+00,0.00E+00,0.00E+00,0.00E+00
AGG,0.00E+00,0.00E+00,0.00E+00,0.00E+00,0.00E+00,0.00E+00,0.00E+00,0.00E+00,0.00E+00,0.00E+00,0.00E+00,0.00E+00,0.00E+00,0.00E+00,1.88E-05,0.00E+00,2.55E-05,3.22E-05,0.00E+00,0.00E+00,0.00E+00,0.00E+00,2.83E-05,3.65E-05,6.19E-05,4.84E-05,7.01E-05,5.44E-05,0.00E+00,0.00E+00,0.00E+00,0.00E+00,2.28E-05,0.00E+00,9.64E-05,0.00E+00,0.00E+00,1.70E-04,0.00E+00,2.92E-05,0.00E+00,0.00E+00,1.72E-05,0.00E+00,0.00E+00,0.00E+00,4.66E-05,6.52E-05,3.41E-05,0.00E+00,0.00E+00,4.51E-05,0.00E+00,0.00E+00,0.00E+00,2.56E-05,0.00E+00,0.00E+00,0.00E+00,0.00E+00,9.36E-06,0.00E+00,0.00E+00,0.00E+00,0.00E+00,0.00E+00,5.99E-05,0.00E+00
GTT,1.49E-04,0.00E+00,3.22E-04,1.80E-04,2.06E-04,4.12E-04,1.76E-05,0.00E+00,7.21E-05,8.63E-05,0.00E+00,0.00E+00,2.46E-05,1.03E-04,3.21E-05,2.47E-04,2.14E-04,2.97E-04,7.04E-05,1.20E-04,3.03E-04,1.37E-04,1.31E-04,4.04E-04,3.30E-04,4.03E-04,2.75E-04,2.11E-04,0.00E+00,8.66E-05,6.17E-05,2.04E-05,1.37E-04,2.63E-05,2.85E-04,1.68E-04,1.18E-04,0.00E+00,1.22E-04,1.33E-05,0.00E+00,8.75E-05,3.22E-04,0.00E+00,0.00E+00,8.67E-05,9.84E-04,0.00E+00,0.00E+00,1.05E-04,7.35E-04,0.00E+00,1.30E-04,1.38E-04,3.19E-04,4.89E-05,1.41E-04,0.00E+00,5.08E-05,2.09E-04,4.83E-06,1.07E-05,2.68E-05,7.63E-05,1.89E-05,1.23E-04,0.00E+00,1.90E-04
GTC,4.19E-04,2.24E-05,8.10E-04,1.26E-04,1.33E-04,1.28E-04,4.14E-05,2.12E-05,8.52E-05,6.52E-05,5.44E-05,8.32E-05,4.17E-05,3.14E-05,1.36E-04,6.87E-04,9.02E-05,5.81E-05,7.94E-05,7.42E-05,7.87E-05,7.53E-05,3.39E-05,6.25E-05,4.75E-04,8.12E-05,3.19E-04,1.58E-04,0.00E+00,1.10E-04,0.00E+00,0.00E+00,1.88E-04,3.11E-05,5.76E-05,2.05E-05,1.26E-05,0.00E+00,9.86E-06,1.35E-05,0.00E+00,4.29E-06,0.00E+00,0.00E+00,2.81E-06,0.00E+00,2.02E-05,2.74E-06,3.88E-05,2.50E-05,2.17E-05,6.41E-06,1.37E-06,1.76E-06,2.64E-05,0.00E+00,7.38E-04,3.18E-05,4.05E-05,3.00E-05,7.54E-07,1.66E-04,0.00E+00,0.00E+00,1.28E-04,0.00E+00,6.38E-05,0.00E+00
GTA,0.00E+00,0.00E+00,2.63E-04,2.85E-05,1.61E-04,1.67E-04,0.00E+00,1.50E-04,1.02E-04,2.55E-04,3.20E-05,0.00E+00,1.86E-04,1.34E-04,0.00E+00,1.91E-04,3.22E-05,1.80E-05,4.45E-05,6.21E-05,3.67E-05,0.00E+00,2.42E-05,0.00E+00,1.39E-05,0.00E+00,0.00E+00,4.90E-05,0.00E+00,0.00E+00,0.00E+00,9.88E-05,1.26E-04,0.00E+00,3.73E-05,0.00E+00,1.12E-04,0.00E+00,1.75E-03,0.00E+00,5.02E-05,0.00E+00,0.00E+00,0.00E+00,0.00E+00,0.00E+00,3.74E-04,0.00E+00,0.00E+00,0.00E+00,1.31E-04,0.00E+00,0.00E+00,0.00E+00,0.00E+00,0.00E+00,0.00E+00,2.03E-04,3.90E-04,1.06E-03,0.00E+00,0.00E+00,0.00E+00,1.78E-03,0.00E+00,0.00E+00,0.00E+00,2.31E-03
GTG,8.40E-04,2.53E-05,3.03E-04,3.71E-04,2.62E-04,3.89E-04,2.38E-05,2.21E-05,3.08E-05,1.10E-04,2.70E-05,3.73E-05,8.60E-05,3.71E-04,5.72E-04,5.76E-04,4.96E-04,1.84E-04,3.14E-04,1.85E-04,6.65E-05,1.59E-04,1.66E-04,3.73E-05,3.10E-04,1.30E-04,5.98E-05,5.13E-05,1.74E-05,1.55E-04,6.28E-05,4.98E-04,1.21E-04,9.19E-05,1.72E-04,1.95E-04,4.03E-05,4.91E-06,0.00E+00,9.00E-04,2.21E-06,1.03E-04,7.73E-05,0.00E+00,7.15E-05,4.63E-05,4.28E-04,1.14E-04,2.58E-06,1.76E-05,3.13E-04,1.98E-05,1.23E-04,2.07E-05,1.26E-06,2.57E-05,1.17E-03,2.34E-05,1.53E-05,2.34E-05,1.39E-04,2.16E-05,7.19E-05,2.07E-04,3.17E-05,2.18E-04,1.08E-03,2.78E-04
GCT,3.06E-04,1.59E-05,8.33E-04,3.47E-04,1.09E-04,1.05E-05,5.08E-05,5.30E-05,7.05E-04,4.15E-05,1.44E-05,4.91E-05,1.73E-06,1.49E-05,2.38E-04,1.08E-03,1.86E-04,1.87E-05,2.60E-05,3.44E-05,1.05E-04,8.48E-05,1.44E-05,4.70E-05,5.24E-05,2.86E-05,1.82E-05,5.13E-05,1.39E-04,3.41E-05,7.65E-05,2.08E-05,1.28E-04,3.44E-05,6.72E-05,1.31E-04,5.46E-04,1.70E-04,8.30E-05,3.93E-05,3.17E-04,1.22E-04,9.49E-05,8.40E-06,2.08E-04,3.30E-05,9.94E-04,1.08E-06,1.10E-04,8.19E-05,1.18E-03,7.31E-05,5.55E-05,4.38E-05,2.84E-04,6.57E-06,0.00E+00,5.09E-05,4.66E-04,6.92E-05,1.62E-05,2.60E-05,5.61E-05,4.62E-05,4.06E-05,8.12E-05,5.70E-05,2.54E-05
GCC,3.39E-04,4.11E-04,1.01E-04,1.81E-04,2.30E-04,4.63E-04,3.98E-04,2.12E-04,1.54E-04,1.76E-04,2.24E-04,2.13E-04,3.79E-04,4.56E-04,1.01E-04,6.87E-05,2.07E-04,7.24E-05,3.55E-05,3.66E-05,4.63E-05,1.67E-04,1.83E-05,8.10E-06,1.21E-04,2.13E-04,2.06E-04,8.74E-06,2.13E-05,5.22E-05,5.12E-05,1.10E-04,2.43E-04,3.43E-05,1.75E-04,4.20E-05,1.92E-04,3.14E-06,3.71E-05,1.85E-05,2.37E-05,1.37E-04,4.86E-05,3.09E-05,2.87E-05,1.91E-05,5.17E-05,1.45E-05,2.91E-05,1.10E-04,3.97E-05,3.04E-05,8.10E-05,1.19E-05,1.07E-04,2.35E-05,4.34E-05,1.85E-04,1.47E-04,9.27E-06,9.73E-06,5.22E-05,1.69E-05,4.80E-05,1.49E-05,2.93E-05,3.52E-05,8.73E-06
GCA,1.62E-04,2.30E-05,1.60E-05,2.04E-04,7.34E-05,9.57E-06,7.44E-05,1.02E-05,6.10E-05,8.16E-05,6.41E-06,9.34E-05,0.00E+00,1.02E-05,0.00E+00,0.00E+00,2.20E-04,1.46E-04,5.57E-05,1.57E-04,2.43E-04,1.31E-04,2.40E-04,1.27E-04,6.93E-06,2.38E-04,2.09E-04,2.77E-04,0.00E+00,4.36E-05,1.34E-04,7.89E-06,0.00E+00,1.79E-04,1.70E-04,3.52E-05,0.00E+00,6.92E-05,2.82E-05,0.00E+00,0.00E+00,0.00E+00,0.00E+00,0.00E+00,0.00E+00,1.27E-05,0.00E+00,2.55E-05,0.00E+00,0.00E+00,0.00E+00,2.35E-05,5.96E-06,0.00E+00,0.00E+00,3.76E-05,4.69E-04,6.34E-04,0.00E+00,0.00E+00,1.16E-05,0.00E+00,1.09E-04,0.00E+00,0.00E+00,0.00E+00,0.00E+00,0.00E+00
GCG,2.59E-04,1.02E-04,0.00E+00,1.31E-04,1.34E-04,2.41E-04,8.56E-05,8.49E-05,1.34E-04,4.37E-05,1.30E-04,1.18E-04,2.53E-04,3.04E-04,3.75E-04,1.66E-04,2.27E-04,2.49E-04,1.84E-04,2.57E-04,3.44E-04,3.30E-04,1.93E-04,5.25E-04,4.56E-04,3.06E-04,3.52E-04,3.95E-04,3.07E-04,3.69E-05,2.26E-05,2.18E-04,7.11E-04,2.59E-04,9.46E-04,1.15E-03,1.53E-03,7.31E-05,6.07E-05,4.97E-06,4.31E-05,0.00E+00,0.00E+00,0.00E+00,0.00E+00,1.48E-04,2.70E-04,8.31E-06,1.12E-04,3.99E-04,5.54E-05,7.52E-06,0.00E+00,1.17E-05,7.19E-05,3.27E-05,4.30E-05,5.12E-04,2.00E-04,1.37E-04,4.69E-05,6.49E-05,2.49E-05,2.03E-04,1.44E-05,2.82E-05,1.93E-05,1.69E-04
GAT,6.30E-05,4.53E-05,3.41E-05,8.04E-05,2.17E-05,1.55E-04,1.16E-04,1.47E-04,1.56E-04,1.91E-04,1.40E-04,2.23E-04,1.41E-04,1.32E-04,2.16E-04,3.86E-05,4.79E-04,6.39E-04,1.72E-05,9.15E-06,4.23E-04,3.63E-04,3.59E-04,7.84E-04,4.27E-04,4.19E-06,1.80E-05,1.95E-05,1.26E-06,8.99E-05,4.29E-05,6.95E-05,1.40E-05,2.81E-05,2.15E-05,4.68E-05,7.12E-06,0.00E+00,1.48E-04,1.07E-04,6.11E-06,2.87E-06,0.00E+00,2.52E-04,1.57E-04,1.48E-06,4.04E-05,1.92E-04,1.86E-04,6.72E-04,4.45E-05,2.59E-04,2.86E-04,0.00E+00,6.92E-04,1.50E-04,4.39E-06,3.97E-06,0.00E+00,4.87E-05,2.70E-05,6.68E-05,6.79E-05,8.31E-05,5.78E-05,9.37E-06,0.00E+00,4.44E-05
GAC,2.67E-03,0.00E+00,2.65E-03,3.89E-04,7.77E-04,9.31E-06,0.00E+00,9.63E-04,2.03E-04,7.44E-04,2.88E-06,0.00E+00,1.38E-04,3.30E-06,1.79E-04,2.21E-03,2.75E-05,2.84E-04,3.24E-04,1.90E-04,1.21E-05,1.88E-05,1.74E-04,1.34E-05,1.30E-04,9.26E-05,3.94E-05,3.74E-04,3.52E-05,2.63E-05,4.98E-05,3.31E-05,9.20E-05,8.88E-05,6.63E-05,1.60E-04,3.16E-04,1.50E-05,3.90E-05,2.13E-04,1.41E-06,4.49E-05,6.11E-05,1.75E-05,4.80E-05,7.20E-05,3.01E-04,0.00E+00,5.54E-05,2.77E-05,1.80E-05,7.27E-05,1.90E-05,0.00E+00,2.95E-05,4.38E-04,5.87E-06,4.52E-05,5.49E-05,2.73E-05,4.00E-06,0.00E+00,2.78E-05,1.29E-05,0.00E+00,5.14E-06,0.00E+00,1.70E-06
GAA,2.41E-04,0.00E+00,5.70E-04,1.91E-04,4.20E-05,2.16E-05,8.14E-06,8.38E-06,2.68E-06,0.00E+00,5.44E-06,1.96E-05,1.68E-05,8.01E-05,1.94E-05,5.20E-04,1.10E-04,1.12E-04,7.66E-05,5.92E-05,6.16E-05,5.93E-05,6.63E-05,1.24E-04,2.06E-04,1.63E-04,1.87E-04,1.10E-04,6.32E-04,8.90E-05,9.91E-05,6.49E-06,1.03E-04,6.09E-06,5.48E-05,8.67E-05,5.31E-03,4.31E-05,8.57E-04,1.20E-04,3.53E-05,1.32E-04,3.87E-04,1.24E-04,3.16E-04,1.16E-04,1.35E-03,8.30E-05,4.64E-05,6.73E-05,8.62E-05,7.59E-05,2.85E-06,9.25E-05,5.90E-05,2.70E-04,1.85E-05,5.36E-04,2.09E-04,1.78E-04,1.63E-05,3.21E-05,1.00E-04,1.82E-06,2.02E-05,2.34E-04,9.06E-05,8.23E-06
GAG,2.24E-03,1.37E-03,1.51E-03,1.66E-03,6.54E-04,5.81E-04,7.15E-04,8.37E-04,8.45E-04,5.33E-04,6.15E-04,3.59E-04,1.21E-03,4.24E-04,1.26E-03,1.15E-03,1.07E-03,8.12E-04,3.95E-04,1.05E-03,1.09E-03,6.78E-04,6.28E-04,9.92E-04,7.05E-04,1.06E-04,6.05E-04,6.23E-04,8.46E-05,4.60E-05,9.52E-05,2.18E-04,4.98E-04,4.80E-04,3.29E-04,2.91E-04,6.07E-05,4.84E-05,7.26E-05,1.04E-04,1.53E-05,2.76E-04,8.45E-06,1.22E-04,3.81E-04,4.32E-04,4.47E-04,1.35E-04,2.12E-04,2.08E-04,2.03E-04,1.25E-04,4.45E-04,3.92E-05,2.95E-04,1.22E-04,1.74E-04,3.71E-04,8.73E-04,2.07E-04,1.05E-04,6.63E-05,1.44E-04,1.11E-04,2.29E-04,7.19E-05,8.34E-05,1.41E-04
GGT,5.79E-06,2.81E-06,4.84E-06,4.70E-06,1.11E-05,1.21E-03,7.79E-06,1.81E-06,0.00E+00,1.52E-04,2.05E-06,2.52E-06,1.56E-04,2.02E-03,9.06E-06,1.97E-05,1.66E-03,1.85E-03,0.00E+00,0.00E+00,1.43E-03,9.49E-04,0.00E+00,1.78E-03,1.34E-03,2.47E-03,1.40E-03,1.89E-03,1.12E-05,9.93E-06,9.25E-06,1.22E-05,6.19E-05,0.00E+00,3.95E-05,3.37E-05,3.25E-05,1.39E-05,1.65E-05,0.00E+00,3.10E-06,4.24E-06,0.00E+00,3.39E-05,9.19E-06,3.91E-06,0.00E+00,0.00E+00,2.77E-06,0.00E+00,1.12E-03,4.61E-06,1.40E-03,0.00E+00,1.93E-05,7.99E-07,0.00E+00,0.00E+00,0.00E+00,0.00E+00,1.06E-03,4.05E-06,5.65E-06,9.66E-06,0.00E+00,4.34E-06,9.03E-04,6.03E-06
GGC,7.49E-04,1.67E-06,1.17E-03,4.25E-05,6.37E-05,5.53E-05,4.36E-05,2.53E-05,5.39E-05,4.16E-05,6.47E-05,5.35E-05,6.67E-05,1.63E-05,0.00E+00,4.69E-04,4.87E-05,2.40E-05,2.42E-05,6.05E-05,4.00E-05,2.25E-05,1.77E-05,2.80E-05,3.89E-05,2.46E-05,1.13E-04,7.24E-06,5.01E-06,1.32E-05,1.12E-05,5.55E-05,3.94E-05,8.23E-06,1.77E-05,2.37E-05,0.00E+00,0.00E+00,0.00E+00,1.64E-05,1.31E-04,3.40E-06,8.67E-06,1.13E-04,2.46E-04,2.87E-04,3.53E-04,1.32E-05,2.88E-06,4.84E-06,5.00E-06,1.34E-05,1.26E-04,2.20E-04,3.60E-04,1.32E-05,4.54E-06,3.00E-05,1.70E-04,3.69E-05,6.02E-05,5.71E-06,1.46E-05,2.42E-06,7.40E-06,1.02E-05,1.95E-05,6.80E-06
GGA,1.63E-04,1.01E-04,9.04E-05,6.18E-05,2.55E-04,1.25E-04,5.38E-05,6.15E-05,8.16E-05,1.42E-04,1.45E-04,2.92E-05,1.45E-04,1.16E-04,1.40E-04,1.66E-04,7.92E-05,5.02E-05,2.63E-05,9.18E-06,1.26E-05,7.22E-06,5.70E-06,2.69E-05,1.89E-04,9.24E-06,2.37E-04,2.81E-05,0.00E+00,0.00E+00,0.00E+00,0.00E+00,1.66E-04,2.69E-04,1.62E-04,1.79E-04,0.00E+00,0.00E+00,4.98E-06,0.00E+00,0.00E+00,0.00E+00,0.00E+00,9.20E-06,0.00E+00,0.00E+00,9.77E-05,0.00E+00,1.66E-05,1.93E-05,9.55E-06,6.75E-06,0.00E+00,3.88E-06,2.13E-05,2.33E-05,1.23E-05,2.27E-06,1.37E-05,3.84E-05,5.93E-06,3.13E-06,8.47E-06,3.30E-05,7.30E-06,0.00E+00,0.00E+00,2.61E-05
GGG,8.94E-05,0.00E+00,0.00E+00,4.43E-05,0.00E+00,0.00E+00,0.00E+00,0.00E+00,0.00E+00,0.00E+00,0.00E+00,8.22E-05,0.00E+00,0.00E+00,0.00E+00,0.00E+00,6.24E-05,0.00E+00,0.00E+00,0.00E+00,1.25E-04,6.87E-05,0.00E+00,0.00E+00,3.21E-04,6.53E-05,6.84E-05,0.00E+00,0.00E+00,0.00E+00,5.71E-05,0.00E+00,1.31E-03,1.26E-03,1.17E-03,1.95E-03,1.83E-03,7.86E-05,0.00E+00,2.12E-03,0.00E+00,0.00E+00,0.00E+00,0.00E+00,0.00E+00,0.00E+00,3.48E-03,0.00E+00,0.00E+00,0.00E+00,0.00E+00,0.00E+00,0.00E+00,0.00E+00,0.00E+00,0.00E+00,0.00E+00,1.12E-04,6.35E-05,2.03E-04,1.34E-04,1.13E-03,1.27E-04,1.48E-04,0.00E+00,0.00E+00,1.41E-04,0.00E+00